_id,resourcename,description,username,password
1,01 tester,tester1 ,1 testeruser,Passwordtester
3,02 tester,desc,2used,2password
4,03 tester,desc3,u3,P3
5,04 test,d4,user4,P4
7,05 tester,tester1 ,1 testeruser,Passwordtester
8,06 tester,desc,2used,2password
9,07 tester,desc3,u3,P3
10,08 test,d4,user4,P4
11,09 tester,tester1 ,1 testeruser,Passwordtester
12,10 tester,desc,2used,2password
13,11 tester,desc3,u3,P3
14,12 test,d4,user4,P4
1,13 tester,tester1 ,1 testeruser,Passwordtester
3,14 tester,desc,2used,2password
4,15 tester,desc3,u3,P3
5,16 test,d4,user4,P4
7,18 tester,tester1 ,1 testeruser,Passwordtester
8,17 tester,desc,2used,2password
9,19 tester,desc3,u3,P3
10,20 test,d4,user4,P4
11,21 tester,tester1 ,1 testeruser,Passwordtester
12,22 tester,desc,2used,2password
13,23 tester,desc3,u3,P3
14,24 test,d4,user4,P4
1,25 tester,tester1 ,1 testeruser,Passwordtester
3,26 tester,desc,2used,2password
4,27 tester,desc3,u3,P3
5,28 test,d4,user4,P4
7,29 tester,tester1 ,1 testeruser,Passwordtester
8,30 tester,desc,2used,2password
9,31 tester,desc3,u3,P3
10,32 test,d4,user4,P4
11,33 tester,tester1 ,1 testeruser,Passwordtester
12,34 tester,desc,2used,2password
13,35 tester,desc3,u3,P3
14,36 test,d4,user4,P4
1,37 tester,tester1 ,1 testeruser,Passwordtester
3,38 tester,desc,2used,2password
4,39 tester,desc3,u3,P3
5,40 test,d4,user4,P4
7,41 tester,tester1 ,1 testeruser,Passwordtester
8,42 tester,desc,2used,2password
9,43 tester,desc3,u3,P3
10,44 test,d4,user4,P4
11,45 tester,tester1 ,1 testeruser,Passwordtester
12,46 tester,desc,2used,2password
13,47 tester,desc3,u3,P3
14,48 test,d4,user4,P4
1,49 tester,tester1 ,1 testeruser,Passwordtester
3,50 tester,desc,2used,2password
4,51 tester,desc3,u3,P3
5,52 test,d4,user4,P4
7,53 tester,tester1 ,1 testeruser,Passwordtester
8,54 tester,desc,2used,2password
9,55 tester,desc3,u3,P3
10,56 test,d4,user4,P4
11,57 tester,tester1 ,1 testeruser,Passwordtester
12,58 tester,desc,2used,2password
13,59 tester,desc3,u3,P3
14,60 test,d4,user4,P4
1,61 tester,tester1 ,1 testeruser,Passwordtester
3,62 tester,desc,2used,2password
4,63 tester,desc3,u3,P3
5,64 test,d4,user4,P4
7,65 tester,tester1 ,1 testeruser,Passwordtester
8,66 tester,desc,2used,2password
9,67 tester,desc3,u3,P3
10,68 test,d4,user4,P4
11,69 tester,tester1 ,1 testeruser,Passwordtester
12,70 tester,desc,2used,2password
13,71 tester,desc3,u3,P3
14,72 test,d4,user4,P4
1,73 tester,tester1 ,1 testeruser,Passwordtester
3,74 tester,desc,2used,2password
4,75 tester,desc3,u3,P3
5,76 test,d4,user4,P4
7,77 tester,tester1 ,1 testeruser,Passwordtester
8,78 tester,desc,2used,2password
9,79 tester,desc3,u3,P3
10,80 test,d4,user4,P4
11,81 tester,tester1 ,1 testeruser,Passwordtester
12,82 tester,desc,2used,2password
13,83 tester,desc3,u3,P3
14,84 test,d4,user4,P4
1,85 tester,tester1 ,1 testeruser,Passwordtester
3,86 tester,desc,2used,2password
4,87 tester,desc3,u3,P3
5,88 test,d4,user4,P4
7,89 tester,tester1 ,1 testeruser,Passwordtester
8,90 tester,desc,2used,2password
9,91 tester,desc3,u3,P3
10,92 test,d4,user4,P4
11,93 tester,tester1 ,1 testeruser,Passwordtester
12,94 tester,desc,2used,2password
13,95 tester,desc3,u3,P3
14,96 test,d4,user4,P4
1,97 tester,tester1 ,1 testeruser,Passwordtester
3,98 tester,desc,2used,2password
4,99 tester,desc3,u3,P3
5,100 test,d4,user4,P4
7,101 tester,tester1 ,1 testeruser,Passwordtester
8,102 tester,desc,2used,2password
9,103 tester,desc3,u3,P3
10,104 test,d4,user4,P4
11,105 tester,tester1 ,1 testeruser,Passwordtester
12,106 tester,desc,2used,2password
13,107 tester,desc3,u3,P3
14,108 test,d4,user4,P4
16,109 tester,desc,2used,2password
17,110 tester,desc4,u4,P5
19,111 tester,tester3,3 testeruser,Passwordtester
20,112 tester,desc,2used,2password
21,113 tester,desc5,u5,P7
23,114 tester,tester4,4 testeruser,Passwordtester
24,115 tester,desc,2used,2password
25,116 tester,desc6,u6,P9
27,117 tester,tester5,5 testeruser,Passwordtester
28,118 tester,desc,2used,2password
29,119 tester,desc7,u7,P11
31,120 tester,tester6,6 testeruser,Passwordtester
32,121 tester,desc,2used,2password
33,122 tester,desc8,u8,P13
35,123 tester,tester7,7 testeruser,Passwordtester
36,124 tester,desc,2used,2password
37,125 tester,desc9,u9,P15
39,126 tester,tester8,8 testeruser,Passwordtester
40,127 tester,desc,2used,2password
41,128 tester,desc10,u10,P17
42.5,129 tester,tester7,7 testeruser,Passwordtester
43.8,130 tester,desc,2used,2password
45.1,131 tester,desc9,u9,P14
46.4,132 tester,tester8,8 testeruser,Passwordtester
47.7,133 tester,desc,2used,2password
49,134 tester,desc10,u10,P16
50.3,135 tester,tester9,9 testeruser,Passwordtester
51.6,136 tester,desc,2used,2password
52.9,137 tester,tester7,7 testeruser,Passwordtester
54.2,138 tester,desc,2used,2password
55.5,139 tester,desc9,u9,P14
56.8,140 tester,tester8,8 testeruser,Passwordtester
58.1,141 tester,desc,2used,2password
59.4,142 tester,desc10,u10,P16
60.7,143 tester,tester9,9 testeruser,Passwordtester
62,144 tester,desc,2used,2password
63.3,145 tester,desc11,u11,P18
64.6,146 tester,tester8,8 testeruser,Passwordtester
65.9,147 tester,desc,2used,2password
67.2,148 tester,desc10,u10,P15
68.5,149 tester,tester9,9 testeruser,Passwordtester
69.8,150 tester,desc,2used,2password
71.1,151 tester,desc11,u11,P17
72.4,152 tester,tester10,10 testeruser,Passwordtester
73.7,153 tester,desc,2used,2password
75,154 tester,tester8,8 testeruser,Passwordtester
76.3,155 tester,desc,2used,2password
77.6,156 tester,desc10,u10,P15
78.9,157 tester,tester9,9 testeruser,Passwordtester
80.2,158 tester,desc,2used,2password
81.5,159 tester,desc11,u11,P17
82.8,160 tester,tester10,10 testeruser,Passwordtester
84.1,161 tester,desc,2used,2password
85.4,162 tester,desc12,u12,P19
86.7,163 tester,tester9,9 testeruser,Passwordtester
88,164 tester,desc,2used,2password
89.3,165 tester,desc11,u11,P16
90.6,166 tester,tester10,10 testeruser,Passwordtester
91.9,167 tester,desc,2used,2password
93.2,168 tester,desc12,u12,P18
94.5,169 tester,tester11,11 testeruser,Passwordtester
95.8,170 tester,desc,2used,2password
97.1,171 tester,tester9,9 testeruser,Passwordtester
98.4,172 tester,desc,2used,2password
99.7,173 tester,desc11,u11,P16
101,174 tester,tester10,10 testeruser,Passwordtester
102.3,175 tester,desc,2used,2password
103.6,176 tester,desc12,u12,P18
104.9,177 tester,tester11,11 testeruser,Passwordtester
106.2,178 tester,desc,2used,2password
107.5,179 tester,desc13,u13,P20
108.8,180 tester,tester10,10 testeruser,Passwordtester
110.1,181 tester,desc,2used,2password
111.4,182 tester,desc12,u12,P17
112.7,183 tester,tester11,11 testeruser,Passwordtester
114,184 tester,desc,2used,2password
115.3,185 tester,desc13,u13,P19
116.6,186 tester,tester12,12 testeruser,Passwordtester
117.9,187 tester,desc,2used,2password
119.2,188 tester,tester10,10 testeruser,Passwordtester
120.5,189 tester,desc,2used,2password
121.8,190 tester,desc12,u12,P17
123.1,191 tester,tester11,11 testeruser,Passwordtester
124.4,192 tester,desc,2used,2password
125.7,193 tester,desc13,u13,P19
127,194 tester,tester12,12 testeruser,Passwordtester
128.3,195 tester,desc,2used,2password
129.6,196 tester,desc14,u14,P21
130.9,197 tester,tester11,11 testeruser,Passwordtester
132.2,198 tester,desc,2used,2password
133.5,199 tester,desc13,u13,P18
134.8,200 tester,tester12,12 testeruser,Passwordtester
136.1,201 tester,desc,2used,2password
137.4,202 tester,desc14,u14,P20
138.7,203 tester,tester13,13 testeruser,Passwordtester
140,204 tester,desc,2used,2password
141.3,205 tester,tester11,11 testeruser,Passwordtester
142.6,206 tester,desc,2used,2password
143.9,207 tester,desc13,u13,P18
145.2,208 tester,tester12,12 testeruser,Passwordtester
146.5,209 tester,desc,2used,2password
147.8,210 tester,desc14,u14,P20
149.1,211 tester,tester13,13 testeruser,Passwordtester
150.4,212 tester,desc,2used,2password
151.7,213 tester,desc15,u15,P22
153,214 tester,tester12,12 testeruser,Passwordtester
154.3,215 tester,desc,2used,2password
155.6,216 tester,desc14,u14,P19
156.9,217 tester,tester13,13 testeruser,Passwordtester
158.2,218 tester,desc,2used,2password
159.5,219 tester,desc15,u15,P21
160.8,220 tester,tester14,14 testeruser,Passwordtester
162.1,221 tester,desc,2used,2password
163.4,222 tester,tester12,12 testeruser,Passwordtester
164.7,223 tester,desc,2used,2password
166,224 tester,desc14,u14,P19
167.3,225 tester,tester13,13 testeruser,Passwordtester
168.6,226 tester,desc,2used,2password
169.9,227 tester,desc15,u15,P21
171.2,228 tester,tester14,14 testeruser,Passwordtester
172.5,229 tester,desc,2used,2password
173.8,230 tester,desc16,u16,P23
175.1,231 tester,tester13,13 testeruser,Passwordtester
176.4,232 tester,desc,2used,2password
177.7,233 tester,desc15,u15,P20
179,234 tester,tester14,14 testeruser,Passwordtester
180.3,235 tester,desc,2used,2password
181.6,236 tester,desc16,u16,P22
182.9,237 tester,tester15,15 testeruser,Passwordtester
184.2,238 tester,desc,2used,2password
185.5,239 tester,tester13,13 testeruser,Passwordtester
186.8,240 tester,desc,2used,2password
188.1,241 tester,desc15,u15,P20
189.4,242 tester,tester14,14 testeruser,Passwordtester
190.7,243 tester,desc,2used,2password
192,244 tester,desc16,u16,P22
193.3,245 tester,tester15,15 testeruser,Passwordtester
194.6,246 tester,desc,2used,2password
195.9,247 tester,desc17,u17,P24
197.2,248 tester,tester14,14 testeruser,Passwordtester
198.5,249 tester,desc,2used,2password
199.8,250 tester,desc16,u16,P21
201.1,251 tester,tester15,15 testeruser,Passwordtester
202.4,252 tester,desc,2used,2password
203.7,253 tester,desc17,u17,P23
205,254 tester,tester16,16 testeruser,Passwordtester
206.3,255 tester,desc,2used,2password
207.6,256 tester,tester14,14 testeruser,Passwordtester
208.9,257 tester,desc,2used,2password
210.2,258 tester,desc16,u16,P21
211.5,259 tester,tester15,15 testeruser,Passwordtester
212.8,260 tester,desc,2used,2password
214.1,261 tester,desc17,u17,P23
215.4,262 tester,tester16,16 testeruser,Passwordtester
216.7,263 tester,desc,2used,2password
218,264 tester,desc18,u18,P25
219.3,265 tester,tester15,15 testeruser,Passwordtester
220.6,266 tester,desc,2used,2password
221.9,267 tester,desc17,u17,P22
223.2,268 tester,tester16,16 testeruser,Passwordtester
224.5,269 tester,desc,2used,2password
225.8,270 tester,desc18,u18,P24
227.1,271 tester,tester17,17 testeruser,Passwordtester
228.4,272 tester,desc,2used,2password
229.7,273 tester,tester15,15 testeruser,Passwordtester
231,274 tester,desc,2used,2password
232.3,275 tester,desc17,u17,P22
233.6,276 tester,tester16,16 testeruser,Passwordtester
234.9,277 tester,desc,2used,2password
236.2,278 tester,desc18,u18,P24
237.5,279 tester,tester17,17 testeruser,Passwordtester
238.8,280 tester,desc,2used,2password
240.1,281 tester,desc19,u19,P26
241.4,282 tester,tester16,16 testeruser,Passwordtester
242.7,283 tester,desc,2used,2password
244,284 tester,desc18,u18,P23
245.3,285 tester,tester17,17 testeruser,Passwordtester
246.6,286 tester,desc,2used,2password
247.9,287 tester,desc19,u19,P25
249.2,288 tester,tester18,18 testeruser,Passwordtester
250.5,289 tester,desc,2used,2password
251.8,290 tester,tester16,16 testeruser,Passwordtester
253.1,291 tester,desc,2used,2password
254.4,292 tester,desc18,u18,P23
255.7,293 tester,tester17,17 testeruser,Passwordtester
257,294 tester,desc,2used,2password
258.3,295 tester,desc19,u19,P25
259.6,296 tester,tester18,18 testeruser,Passwordtester
260.9,297 tester,desc,2used,2password
262.2,298 tester,desc20,u20,P27
263.5,299 tester,tester17,17 testeruser,Passwordtester
264.8,300 tester,desc,2used,2password
266.1,301 tester,desc19,u19,P24
267.4,302 tester,tester18,18 testeruser,Passwordtester
268.7,303 tester,desc,2used,2password
270,304 tester,desc20,u20,P26
271.3,305 tester,tester19,19 testeruser,Passwordtester
272.6,306 tester,desc,2used,2password
273.9,307 tester,tester17,17 testeruser,Passwordtester
275.2,308 tester,desc,2used,2password
276.5,309 tester,desc19,u19,P24
277.8,310 tester,tester18,18 testeruser,Passwordtester
279.1,311 tester,desc,2used,2password
280.4,312 tester,desc20,u20,P26
281.7,313 tester,tester19,19 testeruser,Passwordtester
283,314 tester,desc,2used,2password
284.3,315 tester,desc21,u21,P28
285.6,316 tester,tester18,18 testeruser,Passwordtester
286.9,317 tester,desc,2used,2password
288.2,318 tester,desc20,u20,P25
289.5,319 tester,tester19,19 testeruser,Passwordtester
290.8,320 tester,desc,2used,2password
292.1,321 tester,desc21,u21,P27
293.4,322 tester,tester20,20 testeruser,Passwordtester
294.7,323 tester,desc,2used,2password
296,324 tester,tester18,18 testeruser,Passwordtester
297.3,325 tester,desc,2used,2password
298.6,326 tester,desc20,u20,P25
299.9,327 tester,tester19,19 testeruser,Passwordtester
301.2,328 tester,desc,2used,2password
302.5,329 tester,desc21,u21,P27
303.8,330 tester,tester20,20 testeruser,Passwordtester
305.1,331 tester,desc,2used,2password
306.4,332 tester,desc22,u22,P29
307.7,333 tester,tester19,19 testeruser,Passwordtester
309,334 tester,desc,2used,2password
310.3,335 tester,desc21,u21,P26
311.6,336 tester,tester20,20 testeruser,Passwordtester
312.9,337 tester,desc,2used,2password
314.2,338 tester,desc22,u22,P28
315.5,339 tester,tester21,21 testeruser,Passwordtester
316.8,340 tester,desc,2used,2password
318.1,341 tester,tester19,19 testeruser,Passwordtester
319.4,342 tester,desc,2used,2password
320.7,343 tester,desc21,u21,P26
322,344 tester,tester20,20 testeruser,Passwordtester
323.3,345 tester,desc,2used,2password
324.6,346 tester,desc22,u22,P28
325.9,347 tester,tester21,21 testeruser,Passwordtester
327.2,348 tester,desc,2used,2password
328.5,349 tester,desc23,u23,P30
329.8,350 tester,tester20,20 testeruser,Passwordtester
331.1,351 tester,desc,2used,2password
332.4,352 tester,desc22,u22,P27
333.7,353 tester,tester21,21 testeruser,Passwordtester
335,354 tester,desc,2used,2password
336.3,355 tester,desc23,u23,P29
337.6,356 tester,tester22,22 testeruser,Passwordtester
338.9,357 tester,desc,2used,2password
340.2,358 tester,tester20,20 testeruser,Passwordtester
341.5,359 tester,desc,2used,2password
342.8,360 tester,desc22,u22,P27
344.1,361 tester,tester21,21 testeruser,Passwordtester
345.4,362 tester,desc,2used,2password
346.7,363 tester,desc23,u23,P29
348,364 tester,tester22,22 testeruser,Passwordtester
349.3,365 tester,desc,2used,2password
350.6,366 tester,desc24,u24,P31
351.9,367 tester,tester21,21 testeruser,Passwordtester
353.2,368 tester,desc,2used,2password
354.5,369 tester,desc23,u23,P28
355.8,370 tester,tester22,22 testeruser,Passwordtester
357.1,371 tester,desc,2used,2password
358.4,372 tester,desc24,u24,P30
359.7,373 tester,tester23,23 testeruser,Passwordtester
361,374 tester,desc,2used,2password
362.3,375 tester,tester21,21 testeruser,Passwordtester
363.6,376 tester,desc,2used,2password
364.9,377 tester,desc23,u23,P28
366.2,378 tester,tester22,22 testeruser,Passwordtester
367.5,379 tester,desc,2used,2password
368.8,380 tester,desc24,u24,P30
370.1,381 tester,tester23,23 testeruser,Passwordtester
371.4,382 tester,desc,2used,2password
372.7,383 tester,desc25,u25,P32
374,384 tester,tester22,22 testeruser,Passwordtester
375.3,385 tester,desc,2used,2password
376.6,386 tester,desc24,u24,P29
377.9,387 tester,tester23,23 testeruser,Passwordtester
379.2,388 tester,desc,2used,2password
380.5,389 tester,desc25,u25,P31
381.8,390 tester,tester24,24 testeruser,Passwordtester
383.1,391 tester,desc,2used,2password
384.4,392 tester,tester22,22 testeruser,Passwordtester
385.7,393 tester,desc,2used,2password
387,394 tester,desc24,u24,P29
388.3,395 tester,tester23,23 testeruser,Passwordtester
389.6,396 tester,desc,2used,2password
390.9,397 tester,desc25,u25,P31
392.2,398 tester,tester24,24 testeruser,Passwordtester
393.5,399 tester,desc,2used,2password
394.8,400 tester,desc26,u26,P33
396.1,401 tester,tester23,23 testeruser,Passwordtester
397.4,402 tester,desc,2used,2password
398.7,403 tester,desc25,u25,P30
400,404 tester,tester24,24 testeruser,Passwordtester
401.3,405 tester,desc,2used,2password
402.6,406 tester,desc26,u26,P32
403.9,407 tester,tester25,25 testeruser,Passwordtester
405.2,408 tester,desc,2used,2password
406.5,409 tester,tester23,23 testeruser,Passwordtester
407.8,410 tester,desc,2used,2password
409.1,411 tester,desc25,u25,P30
410.4,412 tester,tester24,24 testeruser,Passwordtester
411.7,413 tester,desc,2used,2password
413,414 tester,desc26,u26,P32
414.3,415 tester,tester25,25 testeruser,Passwordtester
415.6,416 tester,desc,2used,2password
416.9,417 tester,desc27,u27,P34
418.2,418 tester,tester24,24 testeruser,Passwordtester
419.5,419 tester,desc,2used,2password
420.8,420 tester,desc26,u26,P31
422.1,421 tester,tester25,25 testeruser,Passwordtester
423.4,422 tester,desc,2used,2password
424.7,423 tester,desc27,u27,P33
426,424 tester,tester26,26 testeruser,Passwordtester
427.3,425 tester,desc,2used,2password
428.6,426 tester,tester24,24 testeruser,Passwordtester
429.9,427 tester,desc,2used,2password
431.2,428 tester,desc26,u26,P31
432.5,429 tester,tester25,25 testeruser,Passwordtester
433.8,430 tester,desc,2used,2password
435.1,431 tester,desc27,u27,P33
436.4,432 tester,tester26,26 testeruser,Passwordtester
437.7,433 tester,desc,2used,2password
439,434 tester,desc28,u28,P35
440.3,435 tester,tester25,25 testeruser,Passwordtester
441.6,436 tester,desc,2used,2password
442.9,437 tester,desc27,u27,P32
444.2,438 tester,tester26,26 testeruser,Passwordtester
445.5,439 tester,desc,2used,2password
446.8,440 tester,desc28,u28,P34
448.1,441 tester,tester27,27 testeruser,Passwordtester
449.4,442 tester,desc,2used,2password
450.7,443 tester,tester25,25 testeruser,Passwordtester
452,444 tester,desc,2used,2password
453.3,445 tester,desc27,u27,P32
454.6,446 tester,tester26,26 testeruser,Passwordtester
455.9,447 tester,desc,2used,2password
457.2,448 tester,desc28,u28,P34
458.5,449 tester,tester27,27 testeruser,Passwordtester
459.8,450 tester,desc,2used,2password
461.1,451 tester,desc29,u29,P36
462.4,452 tester,tester26,26 testeruser,Passwordtester
463.7,453 tester,desc,2used,2password
465,454 tester,desc28,u28,P33
466.3,455 tester,tester27,27 testeruser,Passwordtester
467.6,456 tester,desc,2used,2password
468.9,457 tester,desc29,u29,P35
470.2,458 tester,tester28,28 testeruser,Passwordtester
471.5,459 tester,desc,2used,2password
472.8,460 tester,tester26,26 testeruser,Passwordtester
474.1,461 tester,desc,2used,2password
475.4,462 tester,desc28,u28,P33
476.7,463 tester,tester27,27 testeruser,Passwordtester
478,464 tester,desc,2used,2password
479.3,465 tester,desc29,u29,P35
480.6,466 tester,tester28,28 testeruser,Passwordtester
481.9,467 tester,desc,2used,2password
483.2,468 tester,desc30,u30,P37
484.5,469 tester,tester27,27 testeruser,Passwordtester
485.8,470 tester,desc,2used,2password
487.1,471 tester,desc29,u29,P34
488.4,472 tester,tester28,28 testeruser,Passwordtester
489.7,473 tester,desc,2used,2password
491,474 tester,desc30,u30,P36
492.3,475 tester,tester29,29 testeruser,Passwordtester
493.6,476 tester,desc,2used,2password
494.9,477 tester,tester27,27 testeruser,Passwordtester
496.2,478 tester,desc,2used,2password
497.5,479 tester,desc29,u29,P34
498.8,480 tester,tester28,28 testeruser,Passwordtester
500.1,481 tester,desc,2used,2password
501.4,482 tester,desc30,u30,P36
502.7,483 tester,tester29,29 testeruser,Passwordtester
504,484 tester,desc,2used,2password
505.3,485 tester,desc31,u31,P38
506.6,486 tester,tester28,28 testeruser,Passwordtester
507.9,487 tester,desc,2used,2password
509.2,488 tester,desc30,u30,P35
510.5,489 tester,tester29,29 testeruser,Passwordtester
511.8,490 tester,desc,2used,2password
513.1,491 tester,desc31,u31,P37
514.4,492 tester,tester30,30 testeruser,Passwordtester
515.7,493 tester,desc,2used,2password
517,494 tester,tester28,28 testeruser,Passwordtester
518.3,495 tester,desc,2used,2password
519.6,496 tester,desc30,u30,P35
520.9,497 tester,tester29,29 testeruser,Passwordtester
522.2,498 tester,desc,2used,2password
523.5,499 tester,desc31,u31,P37
524.8,500 tester,tester30,30 testeruser,Passwordtester
